row_id,source_declared_product,instance_id,source_locator,mapping_revision_id,saved_projection_target,saved_revision_alternatives,mechanical_outcome,product_identity_outcome_NOT_HS,saved_HS_case_outcomes_NOT_validation,owner_review,displayed_projection_owner_review,specialist_validation,recorded_missing_facts,post_run_concerns,evidence_file,use_limit
R01,Steel; stainless 304; flat rolled coil,uslci-1.2026-06.0:processes:49f5324b-fc33-36e9-b5af-3c80d73492bd:exchange:2,processes/49f5324b-fc33-36e9-b5af-3c80d73492bd.json#/exchanges/0,pilot-steel_coil-r2,none,7219; 7220,ambiguous,automated_supported,smoke1/stainless-steel-coil: assessor=competing_targets; challenger=competing_targets | smoke2/S2-09: assessor=competing_targets; challenger=competing_targets | smoke2/S2-05: assessor=competing_targets; challenger=competing_targets,no_owner_acceptance,no_owner_acceptance,none,"smoke1/stainless-steel-coil assessor: The coil width is not supplied. Effect: This directly prevents choosing between 7219 (600 mm or more) and 7220 (less than 600 mm). | smoke1/stainless-steel-coil assessor: Measured carbon and chromium percentages are not supplied. Effect: The legal stainless-steel definition cannot be independently checked, although the exact product is expressly identified as stainless 304 throughout the native evidence.",None recorded here; not proof of correctness,evidence/R01.json,"Evidence inspection only; not a verified classification, customs ruling or complete LCA"
R02,Portland cement; at plant,uslci-1.2026-06.0:processes:62993671-574c-3fc5-b66a-6be3bb21ad3d:exchange:66,processes/62993671-574c-3fc5-b66a-6be3bb21ad3d.json#/exchanges/0,pilot-cement-r4,2523,none listed,applicable,automated_supported,smoke1/cement: assessor=supported; challenger=supported | smoke2/S2-01: assessor=supported; challenger=supported | smoke2/S2-12: assessor=insufficient_information; challenger=insufficient_information | smoke2/S2-11: assessor=insufficient_information; challenger=insufficient_information,"owner_accepted_original_revision_only: pilot-cement-r3; not acceptance of rebased identities, smoke views or chains",no_owner_acceptance,none,smoke1/cement assessor: No HS6-level cement subtype or presentation facts are supplied. Effect: Prevents classification more specifically than HS4; it does not undermine heading 2523.,None recorded here; not proof of correctness,evidence/R02.json,"Evidence inspection only; not a verified classification, customs ruling or complete LCA"
R03,"Linear low-density polyethylene, LLDPE; virgin resin; at plant",uslci-1.2026-06.0:processes:1dbafde2-2bc3-405c-9726-4d92fe7d29f9:exchange:108,processes/1dbafde2-2bc3-405c-9726-4d92fe7d29f9.json#/exchanges/0,pilot-lldpe-r3,3901,none listed,applicable,automated_supported,smoke1/lldpe: assessor=supported; challenger=supported | smoke2/S2-06: assessor=insufficient_information; challenger=insufficient_information | smoke2/S2-02: assessor=conditional; challenger=conditional | smoke2/S2-10: assessor=insufficient_information; challenger=insufficient_information,no_owner_acceptance,no_owner_acceptance,none,"smoke1/lldpe assessor: The exact physical presentation—such as granules, powder, liquid, or other bulk primary form—is not stated. Effect: Leaves the primary-form condition dependent on the ordinary inventory meaning of virgin resin; contrary evidence that it is a shaped article would undermine heading 3901. | smoke1/lldpe assessor: Density, comonomer identity, monomer proportions, and chemical-modification details are absent. Effect: Prevents a defensible HS6 classification but does not prevent HS4 classification as a polymer of ethylene.",None recorded here; not proof of correctness,evidence/R03.json,"Evidence inspection only; not a verified classification, customs ruling or complete LCA"
R04,Quicklime; at plant,uslci-1.2026-06.0:processes:9c0c2415-126f-3162-8479-f002f315a8c7:exchange:1,processes/9c0c2415-126f-3162-8479-f002f315a8c7.json#/exchanges/0,pilot-lime-r3,2522,none listed,insufficient_information,automated_supported,smoke1/quicklime: assessor=conditional; challenger=supported | smoke2/S2-07: assessor=competing_targets; challenger=competing_targets | smoke2/S2-08: assessor=competing_targets; challenger=competing_targets,no_owner_acceptance,no_owner_acceptance,none,"smoke1/quicklime assessor: The product's chemical composition, purity, impurities, and any additions are not stated. Effect: Prevents conclusively distinguishing commercial quicklime of 2522 from separately chemically defined calcium oxide potentially covered by 2825. | smoke1/quicklime assessor: No evidence states whether the product is calcium hydroxide rather than unslaked lime. Effect: The name and calcination process favor quicklime, but definitive chemical characterization would confirm the applicable side of the 2522 exclusion.",None recorded here; not proof of correctness,evidence/R04.json,"Evidence inspection only; not a verified classification, customs ruling or complete LCA"
R05,Ethylene glycol; at plant,uslci-1.2026-06.0:processes:a3e150d0-770e-4e2a-9b19-f7daa8cda38b:exchange:38,processes/a3e150d0-770e-4e2a-9b19-f7daa8cda38b.json#/exchanges/62,pilot-glycol-r2,290531,none listed,conflicting,disputed,smoke1/ethylene-glycol-proxy: assessor=supported; challenger=supported | smoke2/S2-03: assessor=supported; challenger=supported | smoke2/S2-04: assessor=conditional; challenger=conditional,no_owner_acceptance,no_owner_acceptance,none,"smoke1/ethylene-glycol-proxy assessor: Purity, solution status, impurities, and additions are not stated. Effect: Could matter if contrary evidence showed the flow was not a Chapter 29 separate chemically defined compound in a permitted presentation; nothing supplied suggests that result. | smoke1/ethylene-glycol-proxy assessor: The proxy note does not state that the exchanged flow identity was formally replaced with propylene glycol. Effect: The represented product remains ethylene glycol; the note alone cannot support 290532.","smoke1/ethylene-glycol-proxy: Both passes classified the inventory proxy, not the represented product; raw support is not established support for that product. | smoke2/S2-03: Unresolved composition concern: source-declared identity was treated as composition eligibility; agreement is not correctness.",evidence/R05.json,"Evidence inspection only; not a verified classification, customs ruling or complete LCA"
R06,Aluminum ingot; production mix; at plant,uslci-1.2026-06.0:processes:0f02f4bf-055b-35ff-ac40-1a21be06165f:exchange:4,processes/0f02f4bf-055b-35ff-ac40-1a21be06165f.json#/exchanges/1,pilot-aluminium-r3,7601,none listed,conflicting,automated_supported,No saved Smoke HS assessment for this instance,no_owner_acceptance,no_owner_acceptance,none,Public pre-Smoke condition/rationale text withheld; no missing-fact explanation reconstructed. See retained identity assumptions and withheld-material fields.,None recorded here; not proof of correctness,evidence/R06.json,"Evidence inspection only; not a verified classification, customs ruling or complete LCA"
R07,"Acrylonitrile-butadiene-styrene, ABS; copolymer resin; at plant",uslci-1.2026-06.0:processes:0d95cc8b-a9a0-3630-a760-1ab4d88257d8:exchange:84,processes/0d95cc8b-a9a0-3630-a760-1ab4d88257d8.json#/exchanges/67,pilot-abs-r3,3903,none listed,insufficient_information,automated_supported,No saved Smoke HS assessment for this instance,no_owner_acceptance,no_owner_acceptance,none,Public pre-Smoke condition/rationale text withheld; no missing-fact explanation reconstructed. See retained identity assumptions and withheld-material fields.,None recorded here; not proof of correctness,evidence/R07.json,"Evidence inspection only; not a verified classification, customs ruling or complete LCA"
R08,Phosphorous fertilizer; production mix; at plant,uslci-1.2026-06.0:processes:0879167f-989b-3e3b-b9c5-3c07ea0a3f8e:exchange:20,processes/0879167f-989b-3e3b-b9c5-3c07ea0a3f8e.json#/exchanges/25,pilot-fertilizer_mix-r2,none,3103; 3105,ambiguous,automated_conditional,No saved Smoke HS assessment for this instance,no_owner_acceptance,no_owner_acceptance,none,Public pre-Smoke condition/rationale text withheld; no missing-fact explanation reconstructed. See retained identity assumptions and withheld-material fields.,None recorded here; not proof of correctness,evidence/R08.json,"Evidence inspection only; not a verified classification, customs ruling or complete LCA"
R09,Concrete; at plant,uslci-1.2026-06.0:processes:0381ede3-9567-44c0-9200-cbbef872097e:exchange:5,processes/0381ede3-9567-44c0-9200-cbbef872097e.json#/exchanges/17,pilot-concrete-r2,none,3824; 6810; 3816,ambiguous,automated_supported,No saved Smoke HS assessment for this instance,no_owner_acceptance,no_owner_acceptance,none,Public pre-Smoke condition/rationale text withheld; no missing-fact explanation reconstructed. See retained identity assumptions and withheld-material fields.,None recorded here; not proof of correctness,evidence/R09.json,"Evidence inspection only; not a verified classification, customs ruling or complete LCA"
R10,Sodium hydroxide; at plant,uslci-1.2026-06.0:processes:076898a5-e1ce-3c50-9df4-6445fc0bb6aa:exchange:85,processes/076898a5-e1ce-3c50-9df4-6445fc0bb6aa.json#/exchanges/55,pilot-caustic-r2,2815,none listed,applicable,automated_supported,No saved Smoke HS assessment for this instance,no_owner_acceptance,no_owner_acceptance,none,Public pre-Smoke condition/rationale text withheld; no missing-fact explanation reconstructed. See retained identity assumptions and withheld-material fields.,None recorded here; not proof of correctness,evidence/R10.json,"Evidence inspection only; not a verified classification, customs ruling or complete LCA"
